{
    "Logistic Regression": {
        "Train Accuracy": 0.9313112078346029,
        "CV Accuracy Mean": 0.9279103946133178,
        "CV Accuracy Std": 0.003781159474421356,
        "CV F1 Mean": 0.9288511472344355,
        "CV F1 Std": 0.0036451957446748382,
        "Test Accuracy": 0.8676620291822192,
        "Precision": 0.8699810716972335,
        "Recall": 0.8650569765433443,
        "F1 Score": 0.8659055524923446,
        "AUC": 0.9842145225477913,
        "MCC": 0.8415436231955234
    },
    "Decision Tree": {
        "Train Accuracy": 0.984221980413493,
        "CV Accuracy Mean": 0.9494013512951067,
        "CV Accuracy Std": 0.003539726577906364,
        "CV F1 Mean": 0.9480043617196146,
        "CV F1 Std": 0.003882565278088814,
        "Test Accuracy": 0.8262639972853749,
        "Precision": 0.8284663662820674,
        "Recall": 0.8228527485113447,
        "F1 Score": 0.8240336061619472,
        "AUC": 0.9126417634985823,
        "MCC": 0.7917968252033176
    },
    "KNN": {
        "Train Accuracy": 0.9575625680087051,
        "CV Accuracy Mean": 0.9462733019788473,
        "CV Accuracy Std": 0.005540038807717352,
        "CV F1 Mean": 0.9479601658622417,
        "CV F1 Std": 0.005672527553221086,
        "Test Accuracy": 0.8615541228367831,
        "Precision": 0.8627701337111504,
        "Recall": 0.8571851020606264,
        "F1 Score": 0.8584112988048155,
        "AUC": 0.9651123256477997,
        "MCC": 0.834117715258246
    },
    "Naive Bayes": {
        "Train Accuracy": 0.8318824809575626,
        "CV Accuracy Mean": 0.8298429038508675,
        "CV Accuracy Std": 0.00486922482597559,
        "CV F1 Mean": 0.8223552918220414,
        "CV F1 Std": 0.0049031674039994805,
        "Test Accuracy": 0.7651849338310146,
        "Precision": 0.7847668927000706,
        "Recall": 0.7556360805363079,
        "F1 Score": 0.7573817706781684,
        "AUC": 0.9673290242923119,
        "MCC": 0.7225058323938605
    },
    "Random Forest": {
        "Train Accuracy": 1.0,
        "CV Accuracy Mean": 0.9782360095635807,
        "CV Accuracy Std": 0.0041093209934592876,
        "CV F1 Mean": 0.9778448620712512,
        "CV F1 Std": 0.004470013654269809,
        "Test Accuracy": 0.835425856803529,
        "Precision": 0.8395753755058585,
        "Recall": 0.8327701701501949,
        "F1 Score": 0.8350004058983194,
        "AUC": 0.9770910854108931,
        "MCC": 0.8024769763068218
    },
    "XGBoost": {
        "Train Accuracy": 1.0,
        "CV Accuracy Mean": 0.9819096639335545,
        "CV Accuracy Std": 0.003458123849847914,
        "CV F1 Mean": 0.9816474713739163,
        "CV F1 Std": 0.00378116873511032,
        "Test Accuracy": 0.8622327790973872,
        "Precision": 0.8635297486239416,
        "Recall": 0.8600334636375493,
        "F1 Score": 0.8609997524243319,
        "AUC": 0.9813083729012974,
        "MCC": 0.8346729777850376
    }
}