{
    "Logistic Regression": {
        "Accuracy": 0.8676620291822192,
        "Precision": 0.8699810716972335,
        "Recall": 0.8650569765433443,
        "F1 Score": 0.8659055524923446,
        "AUC": 0.9842145225477913,
        "MCC": 0.8415436231955234
    },
    "Decision Tree": {
        "Accuracy": 0.8262639972853749,
        "Precision": 0.8284663662820674,
        "Recall": 0.8228527485113447,
        "F1 Score": 0.8240336061619472,
        "AUC": 0.9126417634985823,
        "MCC": 0.7917968252033176
    },
    "KNN": {
        "Accuracy": 0.8615541228367831,
        "Precision": 0.8627701337111504,
        "Recall": 0.8571851020606264,
        "F1 Score": 0.8584112988048155,
        "AUC": 0.9651123256477997,
        "MCC": 0.834117715258246
    },
    "Naive Bayes": {
        "Accuracy": 0.7638276213098066,
        "Precision": 0.7822352289049634,
        "Recall": 0.7544352679141211,
        "F1 Score": 0.7562676264925076,
        "AUC": 0.9671134693750444,
        "MCC": 0.7206340583501276
    },
    "Random Forest": {
        "Accuracy": 0.835425856803529,
        "Precision": 0.8395753755058585,
        "Recall": 0.8327701701501949,
        "F1 Score": 0.8350004058983194,
        "AUC": 0.9770910854108931,
        "MCC": 0.8024769763068218
    },
    "XGBoost": {
        "Accuracy": 0.8622327790973872,
        "Precision": 0.8635297486239416,
        "Recall": 0.8600334636375493,
        "F1 Score": 0.8609997524243319,
        "AUC": 0.9813083729012974,
        "MCC": 0.8346729777850376
    }
}