{
    "Logistic Regression": {
        "Accuracy": 0.8676620291822192,
        "Precision": 0.8699810716972335,
        "Recall": 0.8650569765433443,
        "F1 Score": 0.8659055524923446,
        "AUC": 0.9842145225477913,
        "MCC": 0.8415436231955234
    },
    "Decision Tree": {
        "Accuracy": 0.8262639972853749,
        "Precision": 0.8284663662820674,
        "Recall": 0.8228527485113447,
        "F1 Score": 0.8240336061619472,
        "AUC": 0.9126417634985823,
        "MCC": 0.7917968252033176
    }
}