{
    "Logistic Regression": {
        "Accuracy": 0.8676620291822192,
        "Precision": 0.8699810716972335,
        "Recall": 0.8650569765433443,
        "F1 Score": 0.8659055524923446,
        "AUC": 0.9842145225477913,
        "MCC": 0.8415436231955234
    },
    "Decision Tree": {
        "Accuracy": 0.8262639972853749,
        "Precision": 0.8284663662820674,
        "Recall": 0.8228527485113447,
        "F1 Score": 0.8240336061619472,
        "AUC": 0.9126417634985823,
        "MCC": 0.7917968252033176
    },
    "KNN": {
        "Accuracy": 0.8615541228367831,
        "Precision": 0.8627701337111504,
        "Recall": 0.8571851020606264,
        "F1 Score": 0.8584112988048155,
        "AUC": 0.9651123256477997,
        "MCC": 0.834117715258246
    },
    "Naive Bayes": {
        "Accuracy": 0.7638276213098066,
        "Precision": 0.7822352289049634,
        "Recall": 0.7544352679141211,
        "F1 Score": 0.7562676264925076,
        "AUC": 0.9671134693750444,
        "MCC": 0.7206340583501276
    }
}