{
    "Accuracy": 0.8676620291822192,
    "Precision": 0.8699810716972335,
    "Recall": 0.8650569765433443,
    "F1 Score": 0.8659055524923446,
    "AUC": 0.9842145225477913,
    "MCC": 0.8415436231955234
}